{
    "name": "Global Information",
    "numberOfRequests": {
        "total": 14007,
        "ok": 11480,
        "ko": 2527
    },
    "minResponseTime": {
        "total": 25,
        "ok": 25,
        "ko": 622
    },
    "maxResponseTime": {
        "total": 167817,
        "ok": 129342,
        "ko": 167817
    },
    "meanResponseTime": {
        "total": 27588,
        "ok": 21424,
        "ko": 55589
    },
    "standardDeviation": {
        "total": 28233,
        "ok": 23581,
        "ko": 30586
    },
    "percentiles1": {
        "total": 24668,
        "ok": 15156,
        "ko": 40633
    },
    "percentiles2": {
        "total": 39278,
        "ok": 35997,
        "ko": 79875
    },
    "percentiles3": {
        "total": 84709,
        "ok": 68338,
        "ko": 105741
    },
    "percentiles4": {
        "total": 107877,
        "ok": 93697,
        "ko": 145776
    },
    "group1": {
        "name": "t < 400 ms",
        "count": 2354,
        "percentage": 17
    },
    "group2": {
        "name": "400 ms < t < 800 ms",
        "count": 740,
        "percentage": 5
    },
    "group3": {
        "name": "t > 800 ms",
        "count": 8386,
        "percentage": 60
    },
    "group4": {
        "name": "failed",
        "count": 2527,
        "percentage": 18
    },
    "meanNumberOfRequestsPerSecond": {
        "total": 44.60828025477707,
        "ok": 36.560509554140125,
        "ko": 8.047770700636942
    }
}