{
    "name": "Global Information",
    "numberOfRequests": {
        "total": 13984,
        "ok": 11561,
        "ko": 2423
    },
    "minResponseTime": {
        "total": 17,
        "ok": 17,
        "ko": 3483
    },
    "maxResponseTime": {
        "total": 189791,
        "ok": 170573,
        "ko": 189791
    },
    "meanResponseTime": {
        "total": 27877,
        "ok": 22452,
        "ko": 53761
    },
    "standardDeviation": {
        "total": 31118,
        "ok": 27545,
        "ko": 34027
    },
    "percentiles1": {
        "total": 20592,
        "ok": 12598,
        "ko": 36266
    },
    "percentiles2": {
        "total": 42305,
        "ok": 37884,
        "ko": 81911
    },
    "percentiles3": {
        "total": 89419,
        "ok": 76483,
        "ko": 113467
    },
    "percentiles4": {
        "total": 127400,
        "ok": 116852,
        "ko": 154232
    },
    "group1": {
        "name": "t < 400 ms",
        "count": 4113,
        "percentage": 29
    },
    "group2": {
        "name": "400 ms < t < 800 ms",
        "count": 509,
        "percentage": 4
    },
    "group3": {
        "name": "t > 800 ms",
        "count": 6939,
        "percentage": 50
    },
    "group4": {
        "name": "failed",
        "count": 2423,
        "percentage": 17
    },
    "meanNumberOfRequestsPerSecond": {
        "total": 41.37278106508876,
        "ok": 34.20414201183432,
        "ko": 7.168639053254438
    }
}