{
    "name": "Global Information",
    "numberOfRequests": {
        "total": 106116,
        "ok": 88074,
        "ko": 18042
    },
    "minResponseTime": {
        "total": 0,
        "ok": 28,
        "ko": 0
    },
    "maxResponseTime": {
        "total": 197114,
        "ok": 197114,
        "ko": 187582
    },
    "meanResponseTime": {
        "total": 29743,
        "ok": 24530,
        "ko": 55194
    },
    "standardDeviation": {
        "total": 27061,
        "ok": 23293,
        "ko": 29631
    },
    "percentiles1": {
        "total": 21740,
        "ok": 18061,
        "ko": 60000
    },
    "percentiles2": {
        "total": 43439,
        "ok": 34639,
        "ko": 74495
    },
    "percentiles3": {
        "total": 82122,
        "ok": 70729,
        "ko": 107521
    },
    "percentiles4": {
        "total": 114931,
        "ok": 101429,
        "ko": 136236
    },
    "group1": {
        "name": "t < 400 ms",
        "count": 3105,
        "percentage": 3
    },
    "group2": {
        "name": "400 ms < t < 800 ms",
        "count": 2381,
        "percentage": 2
    },
    "group3": {
        "name": "t > 800 ms",
        "count": 82588,
        "percentage": 78
    },
    "group4": {
        "name": "failed",
        "count": 18042,
        "percentage": 17
    },
    "meanNumberOfRequestsPerSecond": {
        "total": 107.73197969543148,
        "ok": 89.41522842639594,
        "ko": 18.31675126903553
    }
}